Afghanistan,Action
Aland Islands,Action
Albania,Action
Algeria,Action
American Samoa,Action
Andorra,Action
Angola,Action
Antarctica,Action
Argentina,Multiplayer
Armenia,Action
Australia,Multiplayer
Austria,Multiplayer
Azerbaijan,Action
Bahamas the,Multiplayer
Bangladesh,Action
Belarus,Action
Belgium,Multiplayer
Bolivia,Action
Bosnia and Herzegovina,Action
Brazil,Multiplayer
Bulgaria,Action
Cambodia,Action
Canada,Multiplayer
Chile,Multiplayer
China,Multiplayer
Christmas Island,Action
Colombia,Action
Costa Rica,Action
Croatia,Action
Cuba,Action
Czech Republic,Multiplayer
Denmark,Multiplayer
Dominican Republic,Action
Ecuador,Action
Egypt,Action
Estonia,Action
Finland,Multiplayer
France,Multiplayer
"France, Metropolitan",Action
Georgia,Action
Germany,Multiplayer
Greece,Multiplayer
Holy See (Vatican City State),Action
Hong Kong,Multiplayer
Hungary,Multiplayer
Iceland,Action
India,Action
Indonesia,Multiplayer
Iran,Action
Iraq,Action
Ireland,Action
Israel,Action
Italy,Multiplayer
Jamaica,Action
Japan,Multiplayer
Jordan,Action
Kazakhstan,Action
Korea,Action
Kyrgyz Republic,Action
Latvia,Action
Lebanon,Multiplayer
Lithuania,Multiplayer
Macedonia,Action
Malaysia,Action
Mexico,Multiplayer
Moldova,Action
Mongolia,Action
Morocco,Action
Myanmar,Action
Netherlands,Multiplayer
New Zealand,Multiplayer
Niger,Action
Norway,Multiplayer
Pakistan,Action
Peru,Action
Philippines,Action
Poland,Multiplayer
Portugal,Multiplayer
Puerto Rico,Action
Romania,Multiplayer
Russia,Multiplayer
Saudi Arabia,Action
Serbia,Action
Singapore,Action
Slovakia,Multiplayer
Slovenia,Action
South Africa,Multiplayer
Spain,Multiplayer
Sweden,Multiplayer
Switzerland,Multiplayer
Taiwan,Multiplayer
Thailand,Multiplayer
Tunisia,Action
Turkey,Multiplayer
Uganda,Multiplayer
Ukraine,Multiplayer
United Arab Emirates,Action
United Kingdom,Multiplayer
United States,Multiplayer
United States Minor Outlying Islands,Multiplayer
United States Virgin Islands,Action
Uruguay,Action
Uzbekistan,Multiplayer
Venezuela,Action
Vietnam,Action
Zimbabwe,Action
